seed_id,macro_segment,query,product_type,personalization_type,occasion,listing_id,url,title,price,review_count,rank,shop_name,saturation_count,collected_at
B001,Kids birthdays,personalized birthday shirt kids,kids T-shirt,name and age,birthday,4514622547,https://www.etsy.com/listing/4514622547/matching-disney-family-vacation-shirts,"Matching Disney Family Vacation Shirts, Custom Disney Birthday Boy Outfit, Personalized Castle Birthday Squad Tees",4.68,16,1,SMstoreBG,1000.0,2026-09-09T16:19:44.462086+00:00
B001,Kids birthdays,personalized birthday shirt kids,kids T-shirt,name and age,birthday,4314534647,https://www.etsy.com/listing/4314534647/personalized-train-birthday-shirt-custom,Personalized Train Birthday Shirt: Custom Name Toddler Tee,22.99,12,2,FBLittlesBoutique,1000.0,2026-09-09T16:20:05.310460+00:00
B001,Kids birthdays,personalized birthday shirt kids,kids T-shirt,name and age,birthday,4345383403,https://www.etsy.com/listing/4345383403/personalized-birthday-boy-shirt-jungle,Personalized Birthday Boy Shirt – Jungle Safari Birthday Shirt with Name and Age – Toddler Birthday Tee – Custom Animal Party Outfit,16.46,6,3,Just4EveryKid,1000.0,2026-09-09T16:20:28.884906+00:00
B001,Kids birthdays,personalized birthday shirt kids,kids T-shirt,name and age,birthday,4470415980,https://www.etsy.com/listing/4470415980/custom-monster-truck-birthday-shirt-jam,"Custom Monster Truck Birthday Shirt, Jam Squad Shirts, Personalized Monster Truck Logo, Boys 2nd Birthday Party Tee",6.64,88,4,LukesCustomThreads,1000.0,2026-09-09T16:20:44.330083+00:00
B001,Kids birthdays,personalized birthday shirt kids,kids T-shirt,name and age,birthday,1513926566,https://www.etsy.com/listing/1513926566/level-10-unlocked-birthday-shirt-gamer,Level 10 Unlocked Birthday Shirt Gamer Gaming T-Shirt Personalized - Kids Premium Shirt,30.33,10,5,GeschenkDesignsDE,1000.0,2026-09-09T16:21:06.631916+00:00
B001,Kids birthdays,personalized birthday shirt kids,kids T-shirt,name and age,birthday,1863707579,https://www.etsy.com/listing/1863707579/custom-monster-truck-birthday-shirt-pit,Custom Monster Truck Birthday Shirt: Pit Crew Family Matching Tee,27.98,91,6,CommonCode,1000.0,2026-09-09T16:21:22.858641+00:00
B001,Kids birthdays,personalized birthday shirt kids,kids T-shirt,name and age,birthday,4367092474,https://www.etsy.com/listing/4367092474/fire-brigade-t-shirt-birthday-shirt-with,"Firefighter T-shirt, birthday shirt with name and number, various colors, birthday gift, fire department, siren, HD21, boys' gift",18.14,29,7,CCEDesign,1000.0,2026-09-09T16:21:40.696142+00:00
B001,Kids birthdays,personalized birthday shirt kids,kids T-shirt,name and age,birthday,1853014410,https://www.etsy.com/listing/1853014410/monster-truck-3rd-birthday-shirt-pit,Monster Truck 3rd Birthday Shirt: Pit Crew Family Matching,27.98,43,8,CommonCode,1000.0,2026-09-09T16:21:57.460467+00:00
B001,Kids birthdays,personalized birthday shirt kids,kids T-shirt,name and age,birthday,4474210471,https://www.etsy.com/listing/4474210471/personalized-mario-birthday-shirt-gamer,Personalized Mario Birthday Shirt: Gamer Family Matching Tee,6.76,41,10,jenbirthdaybash,1000.0,2026-09-09T16:22:35.765746+00:00
B001,Kids birthdays,personalized birthday shirt kids,kids T-shirt,name and age,birthday,1865934645,https://www.etsy.com/listing/1865934645/personalized-disney-cars-birthday-shirt,"Personalized Disney Cars Birthday Shirt, Lightening McQueen Shirt, Disney Birthday Shirt, Disney Family Shirts, Personalized Birthday Shirts",8.75,56,11,AlexDTFtransfers,1000.0,2026-09-09T16:22:59.219535+00:00
B002,Kids birthdays,personalized construction birthday shirt,kids T-shirt,name and age,birthday,4345383403,https://www.etsy.com/listing/4345383403/personalized-birthday-boy-shirt-jungle,Personalized Birthday Boy Shirt – Jungle Safari Birthday Shirt with Name and Age – Toddler Birthday Tee – Custom Animal Party Outfit,16.46,6,2,Just4EveryKid,,2026-09-09T16:24:04.708414+00:00
B002,Kids birthdays,personalized construction birthday shirt,kids T-shirt,name and age,birthday,4367092474,https://www.etsy.com/listing/4367092474/fire-brigade-t-shirt-birthday-shirt-with,"Firefighter T-shirt, birthday shirt with name and number, various colors, birthday gift, fire department, siren, HD21, boys' gift",18.14,29,4,CCEDesign,,2026-09-09T16:24:45.984621+00:00
B002,Kids birthdays,personalized construction birthday shirt,kids T-shirt,name and age,birthday,4532816555,https://www.etsy.com/listing/4532816555/birthday-shirt-for-boys-aged-1-2-3-4-5-6,"Birthday shirt for boys aged 1, 2, 3, 4, 5, 6, 7, 8, or 9, featuring a construction site and excavator design, personalized with name and age – 4th birthday shirt, cotton.",30.78,1,9,PhilessaCreations,,2026-09-09T16:26:11.077621+00:00
B002,Kids birthdays,personalized construction birthday shirt,kids T-shirt,name and age,birthday,1811179627,https://www.etsy.com/listing/1811179627/custom-transportation-birthday-shirt,"Birthday Boy Shirt, Personalized Transportation Tee, Custom Vehicle Party Outfit, Dig Being Two, Construction Bday Gift, Kids Apparel",13.61,5,10,UniqueShirtBox,,2026-09-09T16:26:30.582556+00:00
B002,Kids birthdays,personalized construction birthday shirt,kids T-shirt,name and age,birthday,1838992662,https://www.etsy.com/listing/1838992662/matching-family-construction-birthday,"Matching Family Construction Birthday Shirt, Excavator Birthday Party, Construction Birthday T-Shirt, Matching Family Construction Crew",33.77,1,14,MediaARTTemplates,,2026-09-09T16:27:44.262890+00:00
B002,Kids birthdays,personalized construction birthday shirt,kids T-shirt,name and age,birthday,4374967871,https://www.etsy.com/listing/4374967871/personalized-birthday-boy-construction,"Personalized Birthday Boy Construction Shirt, Construction Family Birthday Shirt, Custom Name Construction Birthday Shirt, Little Worker Tee",12.65,6,15,ZentraClothing,,2026-09-09T16:28:00.554830+00:00
B002,Kids birthdays,personalized construction birthday shirt,kids T-shirt,name and age,birthday,4300305680,https://www.etsy.com/listing/4300305680/personalized-construction-truck-shirt,"Personalized Construction Truck Shirt, Custom Birthday Shirt, Custom Birthday Shirt, 4th Birthday Tee, Birthday Truck Tee, Digging It Shirt",12.09,2,16,LittleLambsLounge,,2026-09-09T16:28:26.004301+00:00
B002,Kids birthdays,personalized construction birthday shirt,kids T-shirt,name and age,birthday,1874758664,https://www.etsy.com/listing/1874758664/personalized-construction-shirt,"Personalized Construction Shirt, Equipment Shirt, Truck Kids Shirt, Dump Truck Shirt, Toddler Shirt, Boys Shirt, Construction Kids Shirt",11.97,44,18,MinimaKids,,2026-09-09T16:29:05.290942+00:00
B002,Kids birthdays,personalized construction birthday shirt,kids T-shirt,name and age,birthday,4314505549,https://www.etsy.com/listing/4314505549/personalized-construction-crew-matching,"Personalized Construction Crew Matching Shirts, Birthday Construction Shirts, Three and Diggin' It, Excavator Birthday, Toddler Birthday Tee",11.7,33,20,BlissTeeStudio,,2026-09-09T16:29:50.792745+00:00
B002,Kids birthdays,personalized construction birthday shirt,kids T-shirt,name and age,birthday,4300311031,https://www.etsy.com/listing/4300311031/personalized-birthday-shirt-custom,"Personalized Birthday Shirt, Custom Construction Truck Shirt, Custom Birthday Shirt, 5th Birthday Tee, Birthday Truck Tee, Digging It Shirt",12.09,2,27,LittleLambsLounge,,2026-09-09T16:32:11.958316+00:00
B003,Generic sports,personalized basketball birthday shirt,kids T-shirt,name and age,birthday,4341370262,https://www.etsy.com/listing/4341370262/personal-birthday-boy-shirt-custom-name,"Personal Birthday Boy Shirt, Custom Name Age Shirt, Basketball Birthday Party Shirt, Basketball Number And Name Shirt, Basketball Boy Shirt",13.24,3,1,TheSnuggleStoryCo,1000.0,2026-09-09T16:32:50.637424+00:00
B003,Generic sports,personalized basketball birthday shirt,kids T-shirt,name and age,birthday,4469833785,https://www.etsy.com/listing/4469833785/custom-born-two-ball-birthday-shirt,"Custom Born Two Ball Birthday Shirt Personalized  2nd Birthday Basketball Outfit, Sports Birthday Shirt for Toddler Boys Born 2 Ball Shirts",10.8,7,3,BlissTeeStudio,1000.0,2026-09-09T16:33:20.535755+00:00
B003,Generic sports,personalized basketball birthday shirt,kids T-shirt,name and age,birthday,4367092474,https://www.etsy.com/listing/4367092474/fire-brigade-t-shirt-birthday-shirt-with,"Firefighter T-shirt, birthday shirt with name and number, various colors, birthday gift, fire department, siren, HD21, boys' gift",18.14,29,5,CCEDesign,1000.0,2026-09-09T16:34:03.168687+00:00
B003,Generic sports,personalized basketball birthday shirt,kids T-shirt,name and age,birthday,4340443680,https://www.etsy.com/listing/4340443680/personalized-basketball-player-kids,"Personalized Basketball Player Kids Shirt - Custom Name Team Sports Game Day Net Slam Dunk Outfit - Natural Boho Toddler, Youth Tee",10.18,21,7,AlvordApparel,1000.0,2026-09-09T16:34:38.369265+00:00
B003,Generic sports,personalized basketball birthday shirt,kids T-shirt,name and age,birthday,4296288192,https://www.etsy.com/listing/4296288192/custom-rookie-of-the-year-shirt-birthday,"Custom Rookie Of The Year Shirt, Birthday Shirt, Basketball Birthday Party Shirt, Personalized Age Name, Birthday Boy Tee, Basketball Shirt",12.09,2,9,LittleLambsLounge,1000.0,2026-09-09T16:35:14.365332+00:00
B003,Generic sports,personalized basketball birthday shirt,kids T-shirt,name and age,birthday,1707801379,https://www.etsy.com/listing/1707801379/basketball-birthday-boy-shirt-custom,Basketball Birthday Boy Shirt: Custom Sport Party Tee,9.41,7,10,GraphicShirtx,1000.0,2026-09-09T16:35:30.568691+00:00
B003,Generic sports,personalized basketball birthday shirt,kids T-shirt,name and age,birthday,4309503683,https://www.etsy.com/listing/4309503683/personalized-twocool-shirt-birthday-tee,"Personalized TwoCool Shirt, Birthday Tee, Custom Retro 2nd Birthday Birthday Shirt, Second Birthday Shirt, Natural Shirt, Birthday Outfit",16.22,18,16,Just4EveryChild,1000.0,2026-09-09T16:37:33.312554+00:00
B003,Generic sports,personalized basketball birthday shirt,kids T-shirt,name and age,birthday,817823958,https://www.etsy.com/listing/817823958/basketball-t-shirt-with-customizable,"Basketball T-shirt with customizable name and number, Gift for basketball player, Popular T-shirt",22.98,12,20,MaheliaDesign,1000.0,2026-09-09T16:38:54.028134+00:00
B003,Generic sports,personalized basketball birthday shirt,kids T-shirt,name and age,birthday,1885461202,https://www.etsy.com/listing/1885461202/personalized-basketball-jersey-shorts-or,"Personalized Basketball Jersey, Shorts  or  Set: Jersey, Shorts, Ball, and Sweatband Combo!",10.89,32,23,MelissasStitches,1000.0,2026-09-09T16:40:06.826420+00:00
B003,Generic sports,personalized basketball birthday shirt,kids T-shirt,name and age,birthday,1789639573,https://www.etsy.com/listing/1789639573/personalized-name-and-age-basketball-t,"Personalized Name and Age Basketball T-shirt, Custom Matching Family Basketball, Kids Toddler Youth and Adult",12.66,3,25,TheDeQorator,1000.0,2026-09-09T16:40:47.641450+00:00
B004,Teacher / school,personalized teacher shirt,adult T-shirt,name and role,school,4541965356,https://www.etsy.com/listing/4541965356/comfort-colors-custom-teacher-name,"Comfort Colors® Custom Teacher Name Pencil T-Shirt, Coquette Bow Teacher Tee, Personalized Gift",26.62,8,1,ColorfulComfortTees,1000.0,2026-09-09T16:41:31.686100+00:00
B004,Teacher / school,personalized teacher shirt,adult T-shirt,name and role,school,4518233324,https://www.etsy.com/listing/4518233324/comfort-colors-you-can-do-hard-things,Comfort Colors 'You Can Do Hard Things' Shirt : Cute Colorful Retro Doodles 'You Got This!' Motivational Teacher Tee,30.0,4,3,AddiBettDesigns,1000.0,2026-09-09T16:42:08.117068+00:00
B004,Teacher / school,personalized teacher shirt,adult T-shirt,name and role,school,4367092474,https://www.etsy.com/listing/4367092474/fire-brigade-t-shirt-birthday-shirt-with,"Firefighter T-shirt, birthday shirt with name and number, various colors, birthday gift, fire department, siren, HD21, boys' gift",18.14,29,4,CCEDesign,1000.0,2026-09-09T16:42:32.349369+00:00
B004,Teacher / school,personalized teacher shirt,adult T-shirt,name and role,school,4524473154,https://www.etsy.com/listing/4524473154/personalized-first-grade-game-2026-shirt,"Personalized First Grade Game 2026 Shirt, First Day of School Kids T-Shirt, Back to School Gift with Custom Name",16.4,1,6,PrinzshirtDE,1000.0,2026-09-09T16:43:13.756342+00:00
B004,Teacher / school,personalized teacher shirt,adult T-shirt,name and role,school,4345383403,https://www.etsy.com/listing/4345383403/personalized-birthday-boy-shirt-jungle,Personalized Birthday Boy Shirt – Jungle Safari Birthday Shirt with Name and Age – Toddler Birthday Tee – Custom Animal Party Outfit,10.86,6,7,Just4EveryKid,1000.0,2026-09-09T16:43:31.545642+00:00
B004,Teacher / school,personalized teacher shirt,adult T-shirt,name and role,school,4553081383,https://www.etsy.com/listing/4553081383/personalized-back-to-school-shirt-custom,"Personalized Back to School Shirt, Custom Name Teacher Tee, Cute School Supplies T-Shirt, First Day of School Shirt, Teacher Gift",17.09,1,8,stitchunduttt,1000.0,2026-09-09T16:43:54.876552+00:00
B004,Teacher / school,personalized teacher shirt,adult T-shirt,name and role,school,4520586295,https://www.etsy.com/listing/4520586295/custom-name-teacher-shirt-personalized,"Custom Name Teacher Shirt, Personalized Teacher Shirt, Mrs Teacher Shirt, Cute Teacher Gift, Back To School Shirt,Kindergarten Teacher Shirt",8.46,11,9,KenArtworks,1000.0,2026-09-09T16:44:19.703034+00:00
B004,Teacher / school,personalized teacher shirt,adult T-shirt,name and role,school,4529699423,https://www.etsy.com/listing/4529699423/funny-seagulls-teacher-name-personalized,Funny Seagulls Teacher Name - Personalized Shirt - Back To School Gift For Teacher,17.09,5,10,stitchunduttt,1000.0,2026-09-09T16:44:40.674103+00:00
B004,Teacher / school,personalized teacher shirt,adult T-shirt,name and role,school,4494817351,https://www.etsy.com/listing/4494817351/third-grade-comfort-colors-shirt-3rd,Third Grade Comfort Colors® Shirt 3rd Grade Dream Team Teacher Tee Custom School Name Matching Group T-Shirt Faux Patchwork Back to School,19.95,19,11,thesmalltowngiftco,1000.0,2026-09-09T16:44:57.339865+00:00
B004,Teacher / school,personalized teacher shirt,adult T-shirt,name and role,school,4526080350,https://www.etsy.com/listing/4526080350/preschool-teacher-shirt-i-love-my-job,"Preschool Teacher Shirt, I Love My Job Tee, Colorful Back to School Gift",9.67,1,12,TonyNguyenDesign,1000.0,2026-09-09T16:45:20.987171+00:00
B005,Occupations / professions,custom mechanic shirt name,adult T-shirt,name and occupation,everyday,4540145862,https://www.etsy.com/listing/4540145862/custom-gray-mechanic-button-dickies,Custom Gray Mechanic Button Dickies Shirt With Personalized Embroidered Name down up Work Clothing,63.52,2,1,CustomgarmsStudio,,2026-09-09T16:46:00.673075+00:00
B005,Occupations / professions,custom mechanic shirt name,adult T-shirt,name and occupation,everyday,4543759499,https://www.etsy.com/listing/4543759499/custom-embroidered-mechanic-dickies,"Custom Embroidered Mechanic Dickies Shirt, Logo Work Shirt, Embroidered Company Uniform, Personalized Mechanic Shirt Gift For Men",53.6,2,3,KindWearly,,2026-09-09T16:46:39.533342+00:00
B005,Occupations / professions,custom mechanic shirt name,adult T-shirt,name and occupation,everyday,4518781382,https://www.etsy.com/listing/4518781382/personalized-baby-romper-custom-name,"Personalized Baby Romper, Custom Name Fall Outfit, Pumpkin Patch Bodysuit",12.7,2,5,MommaDebou,,2026-09-09T16:47:13.823906+00:00
B005,Occupations / professions,custom mechanic shirt name,adult T-shirt,name and occupation,everyday,4367092474,https://www.etsy.com/listing/4367092474/fire-brigade-t-shirt-birthday-shirt-with,"Firefighter T-shirt, birthday shirt with name and number, various colors, birthday gift, fire department, siren, HD21, boys' gift",18.14,29,6,CCEDesign,,2026-09-09T16:47:32.282109+00:00
B005,Occupations / professions,custom mechanic shirt name,adult T-shirt,name and occupation,everyday,4541433649,https://www.etsy.com/listing/4541433649/custom-black-mechanic-button-dickies,Custom Black Mechanic Button Dickies Shirt With Personalized Embroidered Name down up Work Clothing,63.52,1,7,CustomgarmsStudio,,2026-09-09T16:47:54.658856+00:00
B005,Occupations / professions,custom mechanic shirt name,adult T-shirt,name and occupation,everyday,1788640870,https://www.etsy.com/listing/1788640870/custom-work-shirt-name-patch-shirt,"Custom work shirt, Name Patch shirt embroidered, Redkap shop shirt, Mechanics Shirt, Retro Shirt, Custom Patch Button up, Old school look",79.86,81,10,Sewmuchfunstuff,,2026-09-09T16:48:57.117637+00:00
B005,Occupations / professions,custom mechanic shirt name,adult T-shirt,name and occupation,everyday,4448565742,https://www.etsy.com/listing/4448565742/personalized-logo-club-hat-unisex,"Personalized Logo Club Hat, Unisex Baseball Hat,Embroidered Text Baseball Hat,Bridesmaid & BestMan Gifts,Custom Monogram Dad Caps, Club Gift",1.89,61,11,AnselMaggieShop,,2026-09-09T16:49:19.269640+00:00
B005,Occupations / professions,custom mechanic shirt name,adult T-shirt,name and occupation,everyday,4489386543,https://www.etsy.com/listing/4489386543/personalized-auto-mechanic-shirt-custom,"Personalized Auto Mechanic Shirt, Custom Name Car Repair Tee, Garage Technician Uniform",27.13,2,12,HASIEK,,2026-09-09T16:49:36.170169+00:00
B005,Occupations / professions,custom mechanic shirt name,adult T-shirt,name and occupation,everyday,4460201388,https://www.etsy.com/listing/4460201388/squishmallow-birthday-party-shirt-custom,Squishmallow Birthday Party Shirt: Custom Family Matching Tee,6.76,5,13,jenbirthdaybash,,2026-09-09T16:49:51.273123+00:00
B005,Occupations / professions,custom mechanic shirt name,adult T-shirt,name and occupation,everyday,1865934645,https://www.etsy.com/listing/1865934645/personalized-disney-cars-birthday-shirt,"Personalized Disney Cars Birthday Shirt, Lightening McQueen Shirt, Disney Birthday Shirt, Disney Family Shirts, Personalized Birthday Shirts",8.75,56,17,AlexDTFtransfers,,2026-09-09T16:51:20.659698+00:00
B006,Hobbies / outdoors,personalized fishing shirt,adult T-shirt,name and hobby,everyday,1816706515,https://www.etsy.com/listing/1816706515/custom-engraved-coach-whistle-with,"Custom Engraved Coach Whistle with Lanyard,Personalized Referee Gift,Sport Gift for Coach,Team Soccer Sports Whistle,Appreciation GiftsCoach",5.41,748,1,ProseAndPoem,1000.0,2026-09-09T16:52:03.503419+00:00
B006,Hobbies / outdoors,personalized fishing shirt,adult T-shirt,name and hobby,everyday,1422912927,https://www.etsy.com/listing/1422912927/personalized-embroidered-baseball-cap,"Personalized Embroidered Baseball Cap, Custom Text Unisex Hat, Adjustable Hat",13.9,1400,2,ApexPrintingCo,1000.0,2026-09-09T16:52:24.313876+00:00
B006,Hobbies / outdoors,personalized fishing shirt,adult T-shirt,name and hobby,everyday,1834820839,https://www.etsy.com/listing/1834820839/custom-embroidered-columbia-short-sleeve,"Custom Embroidered Columbia Fishing Shirt | UPF 40, Omni-Wick",120.4,9,4,LetsGoNorth,1000.0,2026-09-09T16:53:01.404872+00:00
B006,Hobbies / outdoors,personalized fishing shirt,adult T-shirt,name and hobby,everyday,4319166542,https://www.etsy.com/listing/4319166542/reel-cool-dad-embroidered-tee-fathers,Reel Cool Dad Embroidered Tee - Fathers Day Gift - Mens Comfort Colors T Shirt - Fishing Lovers Shirt - Cool Gift for Dads,37.51,61,5,Flossandfable,1000.0,2026-09-09T16:53:23.161384+00:00
B006,Hobbies / outdoors,personalized fishing shirt,adult T-shirt,name and hobby,everyday,1216217491,https://www.etsy.com/listing/1216217491/custom-fishing-shirt-fishing-jersey-boat,"Custom Bass Fishing Jersey | Personalized Name, Logo, UPF 50+ Long Sleeve Shirt",66.49,85,7,CommandCustom,1000.0,2026-09-09T16:54:01.712224+00:00
B006,Hobbies / outdoors,personalized fishing shirt,adult T-shirt,name and hobby,everyday,1430494406,https://www.etsy.com/listing/1430494406/custom-fishing-shirt-fishing-jersey-boat,Custom Fishing Jersey | Personalized Hooded Fishing Shirt | UPF 50+ Tournament Logo | Toddler Youth Adult,66.49,74,8,CommandCustom,1000.0,2026-09-09T16:54:22.863627+00:00
B006,Hobbies / outdoors,personalized fishing shirt,adult T-shirt,name and hobby,everyday,4530422904,https://www.etsy.com/listing/4530422904/custom-fishing-performance-hoodie,Custom Fishing Performance Hoodie | Personalized Bulk Boat Fishing Team (UPF 50+),35.09,4,9,LockPonStop,1000.0,2026-09-09T16:54:48.233583+00:00
B006,Hobbies / outdoors,personalized fishing shirt,adult T-shirt,name and hobby,everyday,4308317256,https://www.etsy.com/listing/4308317256/custom-logo-microphone-foam-cover-4,Custom Logo Microphone Foam Cover: 4-Sided Sponge Windshield,40.28,27,12,ITWheel,1000.0,2026-09-09T16:55:45.037481+00:00
B006,Hobbies / outdoors,personalized fishing shirt,adult T-shirt,name and hobby,everyday,4356374863,https://www.etsy.com/listing/4356374863/custom-hawaiian-shirt-with-phototext,Custom hawaiian shirt with photo/text-birthday party gift-bachelor party gift-gift for dad/grandpa-beach party shirt-birthday pool party,15.12,68,14,ArtTrueDesign,1000.0,2026-09-09T16:56:29.394821+00:00
B006,Hobbies / outdoors,personalized fishing shirt,adult T-shirt,name and hobby,everyday,4399105371,https://www.etsy.com/listing/4399105371/personalized-fishing-long-sleeve-shirt,"Personalized Fishing Long Sleeve Shirt with Marlin and Boat Graphic, Custom Name Sleeves, Compass Design",33.48,1,16,bitzyone,1000.0,2026-09-09T16:57:13.255942+00:00
B007,Family / relatives,personalized grandpa shirt,adult T-shirt,name and family relation,family gift,1816706515,https://www.etsy.com/listing/1816706515/custom-engraved-coach-whistle-with,"Custom Engraved Coach Whistle with Lanyard,Personalized Referee Gift,Sport Gift for Coach,Team Soccer Sports Whistle,Appreciation GiftsCoach",5.41,748,1,ProseAndPoem,1000.0,2026-09-09T16:57:57.600308+00:00
B007,Family / relatives,personalized grandpa shirt,adult T-shirt,name and family relation,family gift,1422912927,https://www.etsy.com/listing/1422912927/personalized-embroidered-baseball-cap,"Personalized Embroidered Baseball Cap, Custom Text Unisex Hat, Adjustable Hat",13.9,1400,2,ApexPrintingCo,1000.0,2026-09-09T16:58:16.523370+00:00
B007,Family / relatives,personalized grandpa shirt,adult T-shirt,name and family relation,family gift,4409068330,https://www.etsy.com/listing/4409068330/personalized-grandpa-shirt-custom,"Personalized Grandpa Shirt, Custom Grandpa With Kids Names Shirt, My Favorite People Call Me Grandpa E8465",25.4,82,3,ThreePinkStars,1000.0,2026-09-09T16:58:31.243837+00:00
B007,Family / relatives,personalized grandpa shirt,adult T-shirt,name and family relation,family gift,4356374863,https://www.etsy.com/listing/4356374863/custom-hawaiian-shirt-with-phototext,Custom hawaiian shirt with photo/text-birthday party gift-bachelor party gift-gift for dad/grandpa-beach party shirt-birthday pool party,0.0,68,4,ArtTrueDesign,1000.0,2026-09-09T16:58:56.071125+00:00
B007,Family / relatives,personalized grandpa shirt,adult T-shirt,name and family relation,family gift,1722931199,https://www.etsy.com/listing/1722931199/custom-hawaiian-shirt-with-phototext,Custom hawaiian shirt with photo/text-birthday party gift-bachelor party gift-gift for dad/grandpa-beach party shirt-birthday pool party,15.12,160,5,ArtTrueDesign,1000.0,2026-09-09T16:59:18.843206+00:00
B007,Family / relatives,personalized grandpa shirt,adult T-shirt,name and family relation,family gift,1751716677,https://www.etsy.com/listing/1751716677/personalized-grandpa-shirt-papa-shirt,"Personalized Grandpa shirt, Papa shirt with name, Fathers Day Shirt custom name, My favorite people call me,Grandkids Names, Grandpa Shirt",14.51,113,6,SnappyCart,1000.0,2026-09-09T16:59:41.989374+00:00
B007,Family / relatives,personalized grandpa shirt,adult T-shirt,name and family relation,family gift,1719727275,https://www.etsy.com/listing/1719727275/custom-hawaiian-shirt-with-phototext,Custom hawaiian shirt with photo/text-birthday party gift-bachelor party gift-gift for dad/grandpa-Shirt with name/text-birthday pool party,15.12,24,7,ArtTrueDesign,1000.0,2026-09-09T16:59:59.099584+00:00
B007,Family / relatives,personalized grandpa shirt,adult T-shirt,name and family relation,family gift,4517000073,https://www.etsy.com/listing/4517000073/grandpa-fishing-shirt-with-grandkids,"Grandpa Fishing Shirt With Grandkids Names, Personalized Fishing Grandpa Gift, Custom Grandpa Shirt, Fisherman Grandpa Tee",14.48,7,8,IncaFindsMerch,1000.0,2026-09-09T17:00:24.102630+00:00
B007,Family / relatives,personalized grandpa shirt,adult T-shirt,name and family relation,family gift,1695304119,https://www.etsy.com/listing/1695304119/custom-grandkids-name-grandpa-shirt,"Custom Grandkids Name Grandpa Shirt, Father's Day Gift",10.88,84,10,TonyNguyenDesign,1000.0,2026-09-09T17:01:04.760365+00:00
B007,Family / relatives,personalized grandpa shirt,adult T-shirt,name and family relation,family gift,4311822617,https://www.etsy.com/listing/4311822617/custom-papa-shirt-with-kids-names-best,"Custom Papa Shirt With Kids Names, Best Papa Shirt With American Flag, Fathers Day Gift For Papa, Papa To Be, Cool Papa Sweatshirt S03507",25.4,109,11,TruePassionStyles,1000.0,2026-09-09T17:01:22.130508+00:00
B008,Family / relatives,personalized dad shirt,adult T-shirt,name and family relation,family gift,1751716677,https://www.etsy.com/listing/1751716677/personalized-grandpa-shirt-papa-shirt,"Personalized Grandpa shirt, Papa shirt with name, Fathers Day Shirt custom name, My favorite people call me,Grandkids Names, Grandpa Shirt",14.51,113,1,SnappyCart,1000.0,2026-09-09T17:02:06.243245+00:00
B008,Family / relatives,personalized dad shirt,adult T-shirt,name and family relation,family gift,4356374863,https://www.etsy.com/listing/4356374863/custom-hawaiian-shirt-with-phototext,Custom hawaiian shirt with photo/text-birthday party gift-bachelor party gift-gift for dad/grandpa-beach party shirt-birthday pool party,15.12,68,2,ArtTrueDesign,1000.0,2026-09-09T17:02:24.016925+00:00
B008,Family / relatives,personalized dad shirt,adult T-shirt,name and family relation,family gift,4311822617,https://www.etsy.com/listing/4311822617/custom-papa-shirt-with-kids-names-best,"Custom Papa Shirt With Kids Names, Best Papa Shirt With American Flag, Fathers Day Gift For Papa, Papa To Be, Cool Papa Sweatshirt S03507",25.4,109,3,TruePassionStyles,1000.0,2026-09-09T17:02:45.489006+00:00
B008,Family / relatives,personalized dad shirt,adult T-shirt,name and family relation,family gift,1722931199,https://www.etsy.com/listing/1722931199/custom-hawaiian-shirt-with-phototext,Custom hawaiian shirt with photo/text-birthday party gift-bachelor party gift-gift for dad/grandpa-beach party shirt-birthday pool party,15.12,160,4,ArtTrueDesign,1000.0,2026-09-09T17:03:05.614455+00:00
B008,Family / relatives,personalized dad shirt,adult T-shirt,name and family relation,family gift,4308317256,https://www.etsy.com/listing/4308317256/custom-logo-microphone-foam-cover-4,Custom Logo Microphone Foam Cover: 4-Sided Sponge Windshield,40.28,27,5,ITWheel,1000.0,2026-09-09T17:03:28.827026+00:00
B008,Family / relatives,personalized dad shirt,adult T-shirt,name and family relation,family gift,1719727275,https://www.etsy.com/listing/1719727275/custom-hawaiian-shirt-with-phototext,Custom hawaiian shirt with photo/text-birthday party gift-bachelor party gift-gift for dad/grandpa-Shirt with name/text-birthday pool party,15.12,24,6,ArtTrueDesign,1000.0,2026-09-09T17:03:47.886209+00:00
B008,Family / relatives,personalized dad shirt,adult T-shirt,name and family relation,family gift,1816706515,https://www.etsy.com/listing/1816706515/custom-engraved-coach-whistle-with,"Custom Engraved Coach Whistle with Lanyard,Personalized Referee Gift,Sport Gift for Coach,Team Soccer Sports Whistle,Appreciation GiftsCoach",5.41,748,7,ProseAndPoem,1000.0,2026-09-09T17:04:07.119632+00:00
B008,Family / relatives,personalized dad shirt,adult T-shirt,name and family relation,family gift,4465643430,https://www.etsy.com/listing/4465643430/personalized-papa-t-shirt-with-names-est,"Personalized Papa T Shirt with Names & EST Year, Custom Dad Shirt, Papa Shirt, Father’s Day Gift, New Dad Gift, Papa Sweatshirt or Hoodie",21.67,24,8,SimplyMargueriteCo,1000.0,2026-09-09T17:04:22.878321+00:00
B008,Family / relatives,personalized dad shirt,adult T-shirt,name and family relation,family gift,1422912927,https://www.etsy.com/listing/1422912927/personalized-embroidered-baseball-cap,"Personalized Embroidered Baseball Cap, Custom Text Unisex Hat, Adjustable Hat",13.9,1400,9,ApexPrintingCo,1000.0,2026-09-09T17:04:41.007310+00:00
B008,Family / relatives,personalized dad shirt,adult T-shirt,name and family relation,family gift,4478079410,https://www.etsy.com/listing/4478079410/personalized-mens-t-shirt-for-dad-with,Personalized men's t-shirt for dad with children's names and birth years as a Father's Day gift,23.04,70,10,Unibly,1000.0,2026-09-09T17:05:05.319373+00:00
B009,Pets,personalized dog shirt owner,adult T-shirt,name and pet,everyday,1422912927,https://www.etsy.com/listing/1422912927/personalized-embroidered-baseball-cap,"Personalized Embroidered Baseball Cap, Custom Text Unisex Hat, Adjustable Hat",13.9,1400,1,ApexPrintingCo,1000.0,2026-09-09T17:05:41.841386+00:00
B009,Pets,personalized dog shirt owner,adult T-shirt,name and pet,everyday,1687366433,https://www.etsy.com/listing/1687366433/custom-comfort-colors-vintage-bootleg,Custom Comfort Colors® Vintage Bootleg Pet Shirt Pet Photo + Name Custom Dog Portrait Personalized Shirt Custom T Shirts Cat Shirt 90's Tee,6.04,9441,2,ModPawsUS,1000.0,2026-09-09T17:05:58.423555+00:00
B009,Pets,personalized dog shirt owner,adult T-shirt,name and pet,everyday,1816706515,https://www.etsy.com/listing/1816706515/custom-engraved-coach-whistle-with,"Custom Engraved Coach Whistle with Lanyard,Personalized Referee Gift,Sport Gift for Coach,Team Soccer Sports Whistle,Appreciation GiftsCoach",5.41,748,3,ProseAndPoem,1000.0,2026-09-09T17:06:20.485481+00:00
B009,Pets,personalized dog shirt owner,adult T-shirt,name and pet,everyday,4512642367,https://www.etsy.com/listing/4512642367/pet-owner-matching-face-photo-tees-dog,"Pet Owner Matching Face Photo Tees, Dog Owner Matching Custom Photo Tee, Cat Owner Pet Photo Tee",31.94,2,4,pantarheico,1000.0,2026-09-09T17:06:39.963872+00:00
B009,Pets,personalized dog shirt owner,adult T-shirt,name and pet,everyday,1677466342,https://www.etsy.com/listing/1677466342/custom-vintage-bootleg-pet-comfort-color,"Custom Vintage Bootleg Pet Photo Comfort Color Shirt, Personalized Dog Portrait, Dog Remembrance Gift, Dog Lover Gift, Pet Loss Gift",10.97,1200,6,MKsSoul,1000.0,2026-09-09T17:07:18.351950+00:00
B009,Pets,personalized dog shirt owner,adult T-shirt,name and pet,everyday,4525415275,https://www.etsy.com/listing/4525415275/custom-face-hawaiian-shirt-personalized,"Custom Face Hawaiian Shirt: Personalized Dog Cat Pet Photo Unisex Aloha Shirt, Family Matching Owner Shirt, Gift for Him Her",32.39,1,7,DRavenArtShop,1000.0,2026-09-09T17:07:38.211061+00:00
B009,Pets,personalized dog shirt owner,adult T-shirt,name and pet,everyday,1794518094,https://www.etsy.com/listing/1794518094/custom-vintage-pet-shirt-personalized,"Custom Vintage Pet Shirt - Personalized Dog Bootleg Rap Tee, Retro 90s Graphic T-Shirt, Dog Lover Apparel, Custom Pet Face Design",10.71,642,8,ByJasmineArt,1000.0,2026-09-09T17:07:55.594853+00:00
B009,Pets,personalized dog shirt owner,adult T-shirt,name and pet,everyday,4340953087,https://www.etsy.com/listing/4340953087/comfort-colors-custom-pet-shirt-pet,"Comfort Colors® Custom Pet Shirt, Pet photo and name, Personalized Pet Portrait Shirt, Custom Dog Cat Graphic Tee, Pet Lover Gift, Dog Lover",14.61,324,9,PrintAndCozy,1000.0,2026-09-09T17:08:13.082958+00:00
B009,Pets,personalized dog shirt owner,adult T-shirt,name and pet,everyday,4470582146,https://www.etsy.com/listing/4470582146/custom-dog-shirt-from-photo-embroidered,"Custom Dog Shirt From Photo, Embroidered Portrait Shirt With My Dog, Golden Retriever Dad Tee, Father's Day Gift For Husband",35.51,94,10,BuiEmbroidery,1000.0,2026-09-09T17:08:35.826426+00:00
B009,Pets,personalized dog shirt owner,adult T-shirt,name and pet,everyday,4489647331,https://www.etsy.com/listing/4489647331/matching-dog-and-owner-set-custom,"Matching Dog and Owner Set, Custom matching pet owner, Personalized Mom or Dad Shirt with Dog Bandana, Custom Pet gifts, Dog lovers gift",38.72,13,11,PetChicaccessories,1000.0,2026-09-09T17:08:54.755042+00:00
B010,Family / relatives,personalized family shirt,family matching apparel,family names,family event,4356374863,https://www.etsy.com/listing/4356374863/custom-hawaiian-shirt-with-phototext,Custom hawaiian shirt with photo/text-birthday party gift-bachelor party gift-gift for dad/grandpa-beach party shirt-birthday pool party,15.12,68,1,ArtTrueDesign,1000.0,2026-09-09T17:09:29.625816+00:00
B010,Family / relatives,personalized family shirt,family matching apparel,family names,family event,4512642367,https://www.etsy.com/listing/4512642367/pet-owner-matching-face-photo-tees-dog,"Pet Owner Matching Face Photo Tees, Dog Owner Matching Custom Photo Tee, Cat Owner Pet Photo Tee",31.94,2,2,pantarheico,1000.0,2026-09-09T17:09:45.507782+00:00
B010,Family / relatives,personalized family shirt,family matching apparel,family names,family event,1722931199,https://www.etsy.com/listing/1722931199/custom-hawaiian-shirt-with-phototext,Custom hawaiian shirt with photo/text-birthday party gift-bachelor party gift-gift for dad/grandpa-beach party shirt-birthday pool party,15.12,160,3,ArtTrueDesign,1000.0,2026-09-09T17:10:01.436609+00:00
B010,Family / relatives,personalized family shirt,family matching apparel,family names,family event,1687366433,https://www.etsy.com/listing/1687366433/custom-comfort-colors-vintage-bootleg,Custom Comfort Colors® Vintage Bootleg Pet Shirt Pet Photo + Name Custom Dog Portrait Personalized Shirt Custom T Shirts Cat Shirt 90's Tee,6.04,9441,4,ModPawsUS,1000.0,2026-09-09T17:10:18.565596+00:00
B010,Family / relatives,personalized family shirt,family matching apparel,family names,family event,4305190718,https://www.etsy.com/listing/4305190718/custom-hawaiian-shirt-with-photo,"Custom Hawaiian Shirt with Photo, Personalized Hawaiian Shirt with Face, Tropical Beach Button Down Shirt Gifts, Bachelor Party Shirt",11.8,12,5,yourcustommall,1000.0,2026-09-09T17:10:37.232234+00:00
B010,Family / relatives,personalized family shirt,family matching apparel,family names,family event,4521026344,https://www.etsy.com/listing/4521026344/custom-pet-photo-shirt-personalized-dog,"Custom Pet Photo Shirt, Personalized Dog Shirt, Pet Portrait Shirt, Custom Pet Name Tee, Dog Mom Gift, Cat Mom Gift, Pet Memorial Shirt PTV8",12.58,10,6,SweetLoveGiftShop,1000.0,2026-09-09T17:10:55.865437+00:00
B010,Family / relatives,personalized family shirt,family matching apparel,family names,family event,1706703648,https://www.etsy.com/listing/1706703648/custom-swimsuit-set-with-phototext,Custom swimsuit set with photo/text-birthday party gift-bachelor party gift-gift for dad/sister-Hawaiian shirt-bucket hat-mens short-family,15.12,17,7,ArtTrueDesign,1000.0,2026-09-09T17:11:17.368083+00:00
B010,Family / relatives,personalized family shirt,family matching apparel,family names,family event,1489855689,https://www.etsy.com/listing/1489855689/custom-pet-shirt-pet-bootleg-shirt,"Custom Pet Shirt, Pet Bootleg Shirt, Custom Bootleg Tee Dog, Custom 90S Bootleg Shirt, Personalize Bootleg Tee, Custom Dog shirt",16.26,650,8,SChousebyDaniel,1000.0,2026-09-09T17:11:40.291930+00:00
B010,Family / relatives,personalized family shirt,family matching apparel,family names,family event,4351393080,https://www.etsy.com/listing/4351393080/custom-pet-vintage-bootleg-t-shirt-retro,"Custom Pet Vintage Bootleg T-Shirt, Retro Personalized  Pet Photo + Name Comfort Colors® Shirt, Custom Dog Portrait Top,Design Cat Shirt Tee",7.99,561,9,OldSchoolCulture,1000.0,2026-09-09T17:12:00.393901+00:00
B010,Family / relatives,personalized family shirt,family matching apparel,family names,family event,1794518094,https://www.etsy.com/listing/1794518094/custom-vintage-pet-shirt-personalized,"Custom Vintage Pet Shirt - Personalized Dog Bootleg Rap Tee, Retro 90s Graphic T-Shirt, Dog Lover Apparel, Custom Pet Face Design",10.72,642,11,ByJasmineArt,1000.0,2026-09-09T17:12:38.537799+00:00
B011,Family trips / vacations,personalized family vacation shirts,family matching apparel,family name and year,vacation,4356374863,https://www.etsy.com/listing/4356374863/custom-hawaiian-shirt-with-phototext,Custom hawaiian shirt with photo/text-birthday party gift-bachelor party gift-gift for dad/grandpa-beach party shirt-birthday pool party,15.12,68,1,ArtTrueDesign,1000.0,2026-09-09T17:13:15.166061+00:00
B011,Family trips / vacations,personalized family vacation shirts,family matching apparel,family name and year,vacation,1722931199,https://www.etsy.com/listing/1722931199/custom-hawaiian-shirt-with-phototext,Custom hawaiian shirt with photo/text-birthday party gift-bachelor party gift-gift for dad/grandpa-beach party shirt-birthday pool party,15.12,160,2,ArtTrueDesign,1000.0,2026-09-09T17:13:31.360743+00:00
B011,Family trips / vacations,personalized family vacation shirts,family matching apparel,family name and year,vacation,1706703648,https://www.etsy.com/listing/1706703648/custom-swimsuit-set-with-phototext,Custom swimsuit set with photo/text-birthday party gift-bachelor party gift-gift for dad/sister-Hawaiian shirt-bucket hat-mens short-family,15.12,17,3,ArtTrueDesign,1000.0,2026-09-09T17:13:51.791751+00:00
B011,Family trips / vacations,personalized family vacation shirts,family matching apparel,family name and year,vacation,4391307269,https://www.etsy.com/listing/4391307269/custom-family-vacation-2026-shirts,"Custom Family Vacation 2026 Shirts, Custom Summer Shirt, Family Vacation Shirts, Custom Shirt, Personalized Family Shirt, Retro Shirts",4.63,28,5,TeniskiBE,1000.0,2026-09-09T17:14:27.226249+00:00
B011,Family trips / vacations,personalized family vacation shirts,family matching apparel,family name and year,vacation,1756861383,https://www.etsy.com/listing/1756861383/customized-photo-hawaiian-shirtcustom,"Customized Photo Hawaiian Shirt,Custom Hawaii Shirt with Face,Personalized Hawaiian Shirt,Beach Shirt,Custom Couple Shirt,unisex shirt gift",19.82,127,6,LyBoutiques,1000.0,2026-09-09T17:14:46.304595+00:00
B011,Family trips / vacations,personalized family vacation shirts,family matching apparel,family name and year,vacation,4312360565,https://www.etsy.com/listing/4312360565/custom-faces-hawaiian-shirts,"Custom Faces Hawaiian Shirts, Personalized Photo Tops, Hawaiian Shirts with Family Picture, Bachelor Party Shirt, Family Trip Gift",10.77,6,8,MangoShopDesignArt,1000.0,2026-09-09T17:15:35.943604+00:00
B011,Family trips / vacations,personalized family vacation shirts,family matching apparel,family name and year,vacation,4494328006,https://www.etsy.com/listing/4494328006/custom-pet-photo-and-name,"Custom Pet Photo And Name Shirt,Personalized Comfort Colors Pet Shirt,Customized Picture Dog Shirt,Dog Lover Gift,Cat Mom Gift,Pet Loss Gift",9.07,21,9,MirkotaStore,1000.0,2026-09-09T17:15:55.318465+00:00
B011,Family trips / vacations,personalized family vacation shirts,family matching apparel,family name and year,vacation,1726444001,https://www.etsy.com/listing/1726444001/custom-family-vacation-2026-shirt,"Custom Family Vacation 2026 Shirt, Matching Memories Shirt, Custom Family Trip, Family Beach Trip Shirt, Custom Family Beach Vacation Shirt",6.67,153,11,StichNShirt,1000.0,2026-09-09T17:16:42.854798+00:00
B011,Family trips / vacations,personalized family vacation shirts,family matching apparel,family name and year,vacation,4311813645,https://www.etsy.com/listing/4311813645/custom-faces-shirts-personalized-photo,"Custom Faces Shirts, Personalized Photo Tops, Family Picture Hawaiian Shirts, Logo Button Down Shirts for Dad Grandpa, Bachelor Party Shirt",10.77,4,12,MangoShopDesignArt,1000.0,2026-09-09T17:17:00.640704+00:00
B011,Family trips / vacations,personalized family vacation shirts,family matching apparel,family name and year,vacation,4453498844,https://www.etsy.com/listing/4453498844/custom-face-hawaiian-shirt-personalized,"Custom Face Hawaiian Shirt, Personalized Birthday Gift, Family Matching,Custom 40th Birthday Face Hawaiian Shirt",16.21,15,14,Pemkham,1000.0,2026-09-09T17:17:47.124890+00:00
B012,Hobbies / outdoors,personalized camping family shirt,family matching apparel,family name,camping trip,1868823487,https://www.etsy.com/listing/1868823487/custom-camping-crew-shirt-family,Custom Camping Crew Shirt - Family Vacation Tee - Cousin Reunion Gift,4.68,17,1,SMstoreBG,1000.0,2026-09-09T17:18:27.295232+00:00
B012,Hobbies / outdoors,personalized camping family shirt,family matching apparel,family name,camping trip,1422912927,https://www.etsy.com/listing/1422912927/personalized-embroidered-baseball-cap,"Personalized Embroidered Baseball Cap, Custom Text Unisex Hat, Adjustable Hat",9.04,1400,4,ApexPrintingCo,1000.0,2026-09-09T17:19:29.692250+00:00
B012,Hobbies / outdoors,personalized camping family shirt,family matching apparel,family name,camping trip,4453469620,https://www.etsy.com/listing/4453469620/custom-family-vacation-2026-shirts,"Custom Family Vacation 2026 Shirts, Custom Summer Shirt, Family Vacation Shirts, Custom Shirt, Personalized Family Shirt, Retro Shirts",4.63,13,5,TeniskiBE,1000.0,2026-09-09T17:19:52.861499+00:00
B012,Hobbies / outdoors,personalized camping family shirt,family matching apparel,family name,camping trip,4379214165,https://www.etsy.com/listing/4379214165/custom-family-vacation-2026-shirts,"Custom Family Vacation 2026 Shirts, Custom Summer Shirt, Family Vacation Shirts, Custom Shirt, Personalized Family Shirt, Retro Shirts",4.63,1,11,TeniskiBE,1000.0,2026-09-09T17:21:50.990894+00:00
B012,Hobbies / outdoors,personalized camping family shirt,family matching apparel,family name,camping trip,4453469412,https://www.etsy.com/listing/4453469412/custom-family-vacation-2026-shirts,"Custom Family Vacation 2026 Shirts, Custom Summer Shirt, Family Vacation Shirts, Custom Shirt, Personalized Family Shirt, Retro Shirts",4.63,2,14,TeniskiBE,1000.0,2026-09-09T17:22:52.889128+00:00
B012,Hobbies / outdoors,personalized camping family shirt,family matching apparel,family name,camping trip,1691298719,https://www.etsy.com/listing/1691298719/personalized-family-camping-trip-shirt,Personalized Family Camping Trip Shirt: Custom Lake Vacation Tee,16.21,45,15,BoooTees,1000.0,2026-09-09T17:23:14.755052+00:00
B012,Hobbies / outdoors,personalized camping family shirt,family matching apparel,family name,camping trip,4333077967,https://www.etsy.com/listing/4333077967/custom-camp-bachelorette-shirts-camping,"Custom Camp Bachelorette Shirts, Camping Bridesmaid Gift, Happy Camper T Shirt, Bride Camping Shirt, Summer Camp Theme Party Shirt, Bach Tee",8.62,42,16,Zazalma,1000.0,2026-09-09T17:23:39.573031+00:00
B012,Hobbies / outdoors,personalized camping family shirt,family matching apparel,family name,camping trip,4431987124,https://www.etsy.com/listing/4431987124/personalized-family-vacation-shirt-retro,"Personalized Family Vacation Shirt, Retro Summer Trip 2026",4.68,17,18,SMstoreBG,1000.0,2026-09-09T17:24:16.682882+00:00
B012,Hobbies / outdoors,personalized camping family shirt,family matching apparel,family name,camping trip,4510978356,https://www.etsy.com/listing/4510978356/custom-camping-shirt-camper-family,"Custom camping shirt, camper family vacation matching tshirt, Gift for Campers with name, vanlife Outdoor lover, personalized motorhome",12.65,1,23,katrinshine,1000.0,2026-09-09T17:26:04.313707+00:00
B012,Hobbies / outdoors,personalized camping family shirt,family matching apparel,family name,camping trip,4522772452,https://www.etsy.com/listing/4522772452/comfort-colors-custom-name-camp-t-shirt,"Comfort Colors® Custom Name Camp T-Shirt, Mountain Camping Tee, Camp Lover Gift",26.62,3,25,ColorfulComfortTees,1000.0,2026-09-09T17:26:46.231953+00:00
B013,Graduation,personalized graduation shirt,adult T-shirt,name and year,graduation,1422912927,https://www.etsy.com/listing/1422912927/personalized-embroidered-baseball-cap,"Personalized Embroidered Baseball Cap, Custom Text Unisex Hat, Adjustable Hat",9.04,1400,1,ApexPrintingCo,1000.0,2026-09-09T17:27:24.937309+00:00
B013,Graduation,personalized graduation shirt,adult T-shirt,name and year,graduation,1722931199,https://www.etsy.com/listing/1722931199/custom-hawaiian-shirt-with-phototext,Custom hawaiian shirt with photo/text-birthday party gift-bachelor party gift-gift for dad/grandpa-beach party shirt-birthday pool party,15.12,160,2,ArtTrueDesign,1000.0,2026-09-09T17:27:50.808295+00:00
B013,Graduation,personalized graduation shirt,adult T-shirt,name and year,graduation,4356374863,https://www.etsy.com/listing/4356374863/custom-hawaiian-shirt-with-phototext,Custom hawaiian shirt with photo/text-birthday party gift-bachelor party gift-gift for dad/grandpa-beach party shirt-birthday pool party,15.12,68,3,ArtTrueDesign,1000.0,2026-09-09T17:28:08.429775+00:00
B013,Graduation,personalized graduation shirt,adult T-shirt,name and year,graduation,4550846558,https://www.etsy.com/listing/4550846558/personalised-senior-2027-photo-shirt,"Personalised Senior 2027 Photo Shirt, Custom Picture Graduation Tee, Class Of 2027 Grad Gift, Vintage Bootleg Senior Year Gift",10.88,1,5,MiuMiuL,1000.0,2026-09-09T17:28:49.602324+00:00
B013,Graduation,personalized graduation shirt,adult T-shirt,name and year,graduation,4480632569,https://www.etsy.com/listing/4480632569/comfort-colors-senior-mom-2027-shirt,"Comfort Colors® Senior Mom 2027 Shirt, Custom Photo Class Of 2027 Tshirt, Graduation 2027 Mom Sweater, High School Senior 2027 Gifts S05864",25.4,140,6,TruePassionStyles,1000.0,2026-09-09T17:29:08.839512+00:00
B013,Graduation,personalized graduation shirt,adult T-shirt,name and year,graduation,1814534553,https://www.etsy.com/listing/1814534553/comfort-colors-custom-text-shirt,Comfort Colors Custom Text Shirt: Personalized Wave Design,5.74,23,8,EmilysArtDesignsBG,1000.0,2026-09-09T17:29:55.075007+00:00
B013,Graduation,personalized graduation shirt,adult T-shirt,name and year,graduation,4449974765,https://www.etsy.com/listing/4449974765/back-to-school-gift-2026-personalized-t,"Back to school gift 2026, personalized T-shirt for schoolchildren with name, first day of school, shirt for girls and boys",27.36,17,9,federgoldShop,1000.0,2026-09-09T17:30:10.781554+00:00
B013,Graduation,personalized graduation shirt,adult T-shirt,name and year,graduation,1697052745,https://www.etsy.com/listing/1697052745/personalized-all-over-print-graduation-t,Personalized All Over Print Graduation T-Shirt,30.85,335,10,allthetees,1000.0,2026-09-09T17:30:25.522446+00:00
B013,Graduation,personalized graduation shirt,adult T-shirt,name and year,graduation,4538401444,https://www.etsy.com/listing/4538401444/comfort-colors-custom-photo-senior-2027,"Comfort Colors® Custom Photo Senior 2027 Shirt, Personalized Graduation T Shirt, Class Of 2027 Graphic Shirt, Senior Gift",20.45,34,11,NancyBeeGoods,1000.0,2026-09-09T17:30:45.489958+00:00
B013,Graduation,personalized graduation shirt,adult T-shirt,name and year,graduation,4553021412,https://www.etsy.com/listing/4553021412/personalised-vintage-photo-and-year,"Personalised Vintage Photo And Year Senior Shirt: Custom Graduate Picture Shirt, Class of 2027 Graduation Gift, Back To School Shirt",8.46,1,12,CustomTeeByPeter,1000.0,2026-09-09T17:31:02.669723+00:00
B014,Adult milestone birthdays,personalized retirement shirt,adult T-shirt,name and year,retirement,1422912927,https://www.etsy.com/listing/1422912927/personalized-embroidered-baseball-cap,"Personalized Embroidered Baseball Cap, Custom Text Unisex Hat, Adjustable Hat",9.04,1400,1,ApexPrintingCo,1000.0,2026-09-09T17:31:47.592653+00:00
B014,Adult milestone birthdays,personalized retirement shirt,adult T-shirt,name and year,retirement,4406108379,https://www.etsy.com/listing/4406108379/personalized-retirement-crew-t-shirt,"Personalized Retirement Crew T-shirt, Custom Photo I'm Retired Crew Shirt, Retirement Gifts, Custom Shirt For Retiree",12.03,33,2,nfiniti,1000.0,2026-09-09T17:32:03.297934+00:00
B014,Adult milestone birthdays,personalized retirement shirt,adult T-shirt,name and year,retirement,1722931199,https://www.etsy.com/listing/1722931199/custom-hawaiian-shirt-with-phototext,Custom hawaiian shirt with photo/text-birthday party gift-bachelor party gift-gift for dad/grandpa-beach party shirt-birthday pool party,15.12,160,3,ArtTrueDesign,1000.0,2026-09-09T17:32:25.003220+00:00
B014,Adult milestone birthdays,personalized retirement shirt,adult T-shirt,name and year,retirement,1729951411,https://www.etsy.com/listing/1729951411/personalized-retirement-farewell-tour-t,"Personalized Retirement FAREWELL TOUR T-Shirt, Funny Music-themed Music Fan Gift, Custom Shirt for Retiree, Softstyle Tee",23.44,179,4,MedleyMerchDesign,1000.0,2026-09-09T17:32:48.964650+00:00
B014,Adult milestone birthdays,personalized retirement shirt,adult T-shirt,name and year,retirement,4356374863,https://www.etsy.com/listing/4356374863/custom-hawaiian-shirt-with-phototext,Custom hawaiian shirt with photo/text-birthday party gift-bachelor party gift-gift for dad/grandpa-beach party shirt-birthday pool party,15.12,68,5,ArtTrueDesign,1000.0,2026-09-09T17:33:05.917214+00:00
B014,Adult milestone birthdays,personalized retirement shirt,adult T-shirt,name and year,retirement,1848573418,https://www.etsy.com/listing/1848573418/t-shirt-personnalise-rap-bootleg-tee,"T-shirt personnalisé Rap Bootleg, Tee-shirt photo femme, Cadeau anniversaire, Teeshirt personnalisable, Selfie, 100% Cotton",57.16,346,6,MagentaFF00FF,1000.0,2026-09-09T17:33:31.040591+00:00
B014,Adult milestone birthdays,personalized retirement shirt,adult T-shirt,name and year,retirement,4301761175,https://www.etsy.com/listing/4301761175/comfort-colors-retirement-gifts-for-men,"Comfort Colors® Retirement Gifts For Men, Retirement Shirt for Men, I'm Not Retired Full Time Grandpa Shirts Men, Funny Gift for Fathers Day",12.07,35,7,SeamsToBeShirts,1000.0,2026-09-09T17:33:52.092530+00:00
B014,Adult milestone birthdays,personalized retirement shirt,adult T-shirt,name and year,retirement,4312360565,https://www.etsy.com/listing/4312360565/custom-faces-hawaiian-shirts,"Custom Faces Hawaiian Shirts, Personalized Photo Tops, Hawaiian Shirts with Family Picture, Bachelor Party Shirt, Family Trip Gift",10.77,6,8,MangoShopDesignArt,1000.0,2026-09-09T17:34:08.448306+00:00
B014,Adult milestone birthdays,personalized retirement shirt,adult T-shirt,name and year,retirement,4311813645,https://www.etsy.com/listing/4311813645/custom-faces-shirts-personalized-photo,"Custom Faces Shirts, Personalized Photo Tops, Family Picture Hawaiian Shirts, Logo Button Down Shirts for Dad Grandpa, Bachelor Party Shirt",10.77,4,11,MangoShopDesignArt,1000.0,2026-09-09T17:35:11.587613+00:00
B014,Adult milestone birthdays,personalized retirement shirt,adult T-shirt,name and year,retirement,4548426529,https://www.etsy.com/listing/4548426529/personalized-16th-birthday-shirt-sweet,"Personalized 16th birthday shirt, Sweet 16 shirt, 2010 birthday shirt, 16th birthday gift Leo Classic, gift idea for a 16-year-old daughter",30.4,1,12,LinellyStudio,1000.0,2026-09-09T17:35:34.117464+00:00
B015,Baby / newborn,personalized new dad shirt,adult T-shirt,name and role,new baby,1422912927,https://www.etsy.com/listing/1422912927/personalized-embroidered-baseball-cap,"Personalized Embroidered Baseball Cap, Custom Text Unisex Hat, Adjustable Hat",9.04,1400,1,ApexPrintingCo,1000.0,2026-09-09T17:36:19.785604+00:00
B015,Baby / newborn,personalized new dad shirt,adult T-shirt,name and role,new baby,4465643430,https://www.etsy.com/listing/4465643430/personalized-papa-t-shirt-with-names-est,"Personalized Papa T Shirt with Names & EST Year, Custom Dad Shirt, Papa Shirt, Father’s Day Gift, New Dad Gift, Papa Sweatshirt or Hoodie",21.69,24,2,SimplyMargueriteCo,1000.0,2026-09-09T17:36:41.802067+00:00
B015,Baby / newborn,personalized new dad shirt,adult T-shirt,name and role,new baby,1852603508,https://www.etsy.com/listing/1852603508/leveled-up-to-daddy-matching-gamer,"Leveled Up To Daddy Matching Gamer Shirts: Dad & Son, Baby Announcement",5.74,70,3,EmilysArtDesignsBG,1000.0,2026-09-09T17:37:04.749677+00:00
B015,Baby / newborn,personalized new dad shirt,adult T-shirt,name and role,new baby,4500243073,https://www.etsy.com/listing/4500243073/cool-dads-club-t-shirt-personalized-with,"Cool Dads Club T-Shirt, personalized with desired year, back print, Father's Day gift, Dad Papa EST, Father Shirt, New Dads",14.05,1,4,RaupeTee,1000.0,2026-09-09T17:37:20.942751+00:00
B015,Baby / newborn,personalized new dad shirt,adult T-shirt,name and role,new baby,4311822617,https://www.etsy.com/listing/4311822617/custom-papa-shirt-with-kids-names-best,"Custom Papa Shirt With Kids Names, Best Papa Shirt With American Flag, Fathers Day Gift For Papa, Papa To Be, Cool Papa Sweatshirt S03507",25.4,109,5,TruePassionStyles,1000.0,2026-09-09T17:37:36.417610+00:00
B015,Baby / newborn,personalized new dad shirt,adult T-shirt,name and role,new baby,1781178920,https://www.etsy.com/listing/1781178920/custom-mom-dad-comfort-colors-t-shirt,"Custom Mom  Dad Comfort Colors® T-shirt, Personalized Mama & Dad Pocket Shirt, Pregnancy Announcement Tee, Matching Parents Outfit Gifts",20.82,399,6,ThreadTaleCo,1000.0,2026-09-09T17:37:59.745934+00:00
B015,Baby / newborn,personalized new dad shirt,adult T-shirt,name and role,new baby,4510035338,https://www.etsy.com/listing/4510035338/custom-dad-vintage-photo-shirt-awesome,Custom Dad Vintage Photo Shirt Awesome Like My Daughter Shirts Personalized Fathers Day TShirt With Kids Photo Dad Birthday Tee New Dad Gift,10.16,4,7,CustomClothingTrend,1000.0,2026-09-09T17:38:17.020218+00:00
B015,Baby / newborn,personalized new dad shirt,adult T-shirt,name and role,new baby,4515638964,https://www.etsy.com/listing/4515638964/personalized-photo-dad-gift-dad-t-shirt,"Personalized Photo Dad Gift, Dad T-Shirt with Child's Photo, Father's Day Gift, Birthday Gift, Vintage Personalized Men's T-Shirt",26.89,2,11,AtelierIsaB,1000.0,2026-09-09T17:39:36.950367+00:00
B015,Baby / newborn,personalized new dad shirt,adult T-shirt,name and role,new baby,4488386385,https://www.etsy.com/listing/4488386385/comfort-colors-senior-dad-2027-shirt,"Comfort Colors® Senior Dad 2027 Shirt, Custom Photo Class Of 2027 Tshirt, Graduation 2027 Dad Sweater, High School Senior 2027 Gifts S06069",25.4,7,12,TruePassionStyles,1000.0,2026-09-09T17:39:59.431545+00:00
B015,Baby / newborn,personalized new dad shirt,adult T-shirt,name and role,new baby,4515653000,https://www.etsy.com/listing/4515653000/personalized-photo-dad-t-shirt-dad-gift,"Personalized Vintage Photo Dad T-Shirt, Gift for Dad with Child's Photo, Father's Day Gift, Birthday, Christmas, Men's T-Shirt",26.89,1,13,AtelierIsaB,1000.0,2026-09-09T17:40:16.351737+00:00
B016,Wedding / bridal,personalized bridal party shirt,family matching apparel,name and role,wedding,4500731519,https://www.etsy.com/listing/4500731519/look-whos-getting-married-shirt-custom,Look Who’s Getting Married Shirt Custom Bride Photo and Name Tee Personalized Wedding Shirt Bridal Shower Gift Bachelorette Tee,12.44,122,1,HippoLord,1000.0,2026-09-09T17:40:54.019224+00:00
B016,Wedding / bridal,personalized bridal party shirt,family matching apparel,name and role,wedding,1848573418,https://www.etsy.com/listing/1848573418/t-shirt-personnalise-rap-bootleg-tee,"T-shirt personnalisé Rap Bootleg, Tee-shirt photo femme, Cadeau anniversaire, Teeshirt personnalisable, Selfie, 100% Cotton",57.16,346,2,MagentaFF00FF,1000.0,2026-09-09T17:41:17.443819+00:00
B016,Wedding / bridal,personalized bridal party shirt,family matching apparel,name and role,wedding,1722931199,https://www.etsy.com/listing/1722931199/custom-hawaiian-shirt-with-phototext,Custom hawaiian shirt with photo/text-birthday party gift-bachelor party gift-gift for dad/grandpa-beach party shirt-birthday pool party,15.12,160,3,ArtTrueDesign,1000.0,2026-09-09T17:41:39.621905+00:00
B016,Wedding / bridal,personalized bridal party shirt,family matching apparel,name and role,wedding,4356374863,https://www.etsy.com/listing/4356374863/custom-hawaiian-shirt-with-phototext,Custom hawaiian shirt with photo/text-birthday party gift-bachelor party gift-gift for dad/grandpa-beach party shirt-birthday pool party,15.12,68,4,ArtTrueDesign,1000.0,2026-09-09T17:42:01.797242+00:00
B016,Wedding / bridal,personalized bridal party shirt,family matching apparel,name and role,wedding,1814534553,https://www.etsy.com/listing/1814534553/comfort-colors-custom-text-shirt,Comfort Colors Custom Text Shirt: Personalized Wave Design,5.74,23,5,EmilysArtDesignsBG,1000.0,2026-09-09T17:42:16.805677+00:00
B016,Wedding / bridal,personalized bridal party shirt,family matching apparel,name and role,wedding,1741704656,https://www.etsy.com/listing/1741704656/custom-bootleg-rap-tee-custom-bootleg,"Custom Bootleg Rap Tee, custom bootleg shirt, custom photo shirt, birthday gift, husband christmas gift, custom your own bootleg shirt",15.63,932,6,Tropicade,1000.0,2026-09-09T17:42:37.413252+00:00
B016,Wedding / bridal,personalized bridal party shirt,family matching apparel,name and role,wedding,1422912927,https://www.etsy.com/listing/1422912927/personalized-embroidered-baseball-cap,"Personalized Embroidered Baseball Cap, Custom Text Unisex Hat, Adjustable Hat",9.04,1400,7,ApexPrintingCo,1000.0,2026-09-09T17:42:52.567042+00:00
B016,Wedding / bridal,personalized bridal party shirt,family matching apparel,name and role,wedding,4465615404,https://www.etsy.com/listing/4465615404/the-bride-club-bach-club-bachelorette,"The Bride Club Bach Club Bachelorette Shirt, Custom Bachelorette Party Tee, Bridal Crew Shirts, Luxury Bachelorette Weekend Gift",11.39,22,8,BrideStoriesStudio,1000.0,2026-09-09T17:43:16.607971+00:00
B016,Wedding / bridal,personalized bridal party shirt,family matching apparel,name and role,wedding,4533876144,https://www.etsy.com/listing/4533876144/custom-maid-of-honor-comfort-colors,"Custom Maid of Honor Comfort Colors Shirt, Personalised Photo Bridesmaid Shirt, Bachelorette Party Tee, Party Trip Gift for Bride Crew",12.3,3,9,MKsSoul,1000.0,2026-09-09T17:43:32.407524+00:00
B016,Wedding / bridal,personalized bridal party shirt,family matching apparel,name and role,wedding,4389238235,https://www.etsy.com/listing/4389238235/custom-wedding-shirt-cocktail-wedding,"Custom Wedding Shirt, Cocktail Wedding Toss Social Club, Newly Wed Gift, Wine Bachelorette Shirt, Bridal Party Shirt, Custom Wedding Toss",15.85,8,11,BornToPartyStudio,1000.0,2026-09-09T17:44:16.167671+00:00
B017,Memorial / sentimental,personalized memorial shirt,adult T-shirt,name and dates,memorial,1722931199,https://www.etsy.com/listing/1722931199/custom-hawaiian-shirt-with-phototext,Custom hawaiian shirt with photo/text-birthday party gift-bachelor party gift-gift for dad/grandpa-beach party shirt-birthday pool party,15.12,160,1,ArtTrueDesign,1000.0,2026-09-09T17:45:01.792962+00:00
B017,Memorial / sentimental,personalized memorial shirt,adult T-shirt,name and dates,memorial,4356374863,https://www.etsy.com/listing/4356374863/custom-hawaiian-shirt-with-phototext,Custom hawaiian shirt with photo/text-birthday party gift-bachelor party gift-gift for dad/grandpa-beach party shirt-birthday pool party,15.12,68,2,ArtTrueDesign,1000.0,2026-09-09T17:45:26.321178+00:00
B017,Memorial / sentimental,personalized memorial shirt,adult T-shirt,name and dates,memorial,1848573418,https://www.etsy.com/listing/1848573418/t-shirt-personnalise-rap-bootleg-tee,"T-shirt personnalisé Rap Bootleg, Tee-shirt photo femme, Cadeau anniversaire, Teeshirt personnalisable, Selfie, 100% Cotton",57.16,346,3,MagentaFF00FF,1000.0,2026-09-09T17:45:45.283178+00:00
B017,Memorial / sentimental,personalized memorial shirt,adult T-shirt,name and dates,memorial,1814534553,https://www.etsy.com/listing/1814534553/comfort-colors-custom-text-shirt,Comfort Colors Custom Text Shirt: Personalized Wave Design,5.74,23,4,EmilysArtDesignsBG,1000.0,2026-09-09T17:46:08.082184+00:00
B017,Memorial / sentimental,personalized memorial shirt,adult T-shirt,name and dates,memorial,1741704656,https://www.etsy.com/listing/1741704656/custom-bootleg-rap-tee-custom-bootleg,"Custom Bootleg Rap Tee, custom bootleg shirt, custom photo shirt, birthday gift, husband christmas gift, custom your own bootleg shirt",15.63,932,6,Tropicade,1000.0,2026-09-09T17:46:51.119095+00:00
B017,Memorial / sentimental,personalized memorial shirt,adult T-shirt,name and dates,memorial,4533429046,https://www.etsy.com/listing/4533429046/custom-bootleg-shirt-personalized-friend,"Custom Bootleg Shirt, Personalized Friend Collage T Shirt, Bestie Gift, Photo Memory Top, Birthday present, Image Tee",22.28,4,7,CustomSide,1000.0,2026-09-09T17:47:11.533220+00:00
B017,Memorial / sentimental,personalized memorial shirt,adult T-shirt,name and dates,memorial,4521026344,https://www.etsy.com/listing/4521026344/custom-pet-photo-shirt-personalized-dog,"Custom Pet Photo Shirt, Personalized Dog Shirt, Pet Portrait Shirt, Custom Pet Name Tee, Dog Mom Gift, Cat Mom Gift, Pet Memorial Shirt PTV8",12.58,11,8,SweetLoveGiftShop,1000.0,2026-09-09T17:47:27.835598+00:00
B017,Memorial / sentimental,personalized memorial shirt,adult T-shirt,name and dates,memorial,4524524469,https://www.etsy.com/listing/4524524469/custom-photo-on-the-back-shirt,"CUSTOM Photo On The Back Shirt, Personalized Picture Tee, Own Photo Shirt, Photo Gift, Custom Birthday Gift, Custom Photo Gift, Shirt Photo",17.27,1,9,UrbanZenStores,1000.0,2026-09-09T17:47:47.183443+00:00
B017,Memorial / sentimental,personalized memorial shirt,adult T-shirt,name and dates,memorial,4428013128,https://www.etsy.com/listing/4428013128/comfort-colors-custom-your-photo-shirt,"Comfort Colors® Custom Your Photo Shirt, Personalized Picture Tee, Girlfriend or Boyfriend, Upload Your Own Image, Vintage Custom Photo Gift",14.94,707,10,CreativeDesignNancy,1000.0,2026-09-09T17:48:07.591878+00:00
B017,Memorial / sentimental,personalized memorial shirt,adult T-shirt,name and dates,memorial,4498838778,https://www.etsy.com/listing/4498838778/t-shirt-photo-personnalise-maman-papa,"T-shirt photo personnalisé maman papa, maman personnalisable, papa personnalisation, cadeau fete des peres, fete des meres, anniversaire",18.16,5,11,SimplyMargueriteCo,1000.0,2026-09-09T17:48:25.797084+00:00
B018,Adult milestone birthdays,personalized 50th birthday shirt,adult T-shirt,name and age,birthday,1722931199,https://www.etsy.com/listing/1722931199/custom-hawaiian-shirt-with-phototext,Custom hawaiian shirt with photo/text-birthday party gift-bachelor party gift-gift for dad/grandpa-beach party shirt-birthday pool party,15.12,160,1,ArtTrueDesign,1000.0,2026-09-09T17:49:07.303362+00:00
B018,Adult milestone birthdays,personalized 50th birthday shirt,adult T-shirt,name and age,birthday,4356374863,https://www.etsy.com/listing/4356374863/custom-hawaiian-shirt-with-phototext,Custom hawaiian shirt with photo/text-birthday party gift-bachelor party gift-gift for dad/grandpa-beach party shirt-birthday pool party,15.12,68,2,ArtTrueDesign,1000.0,2026-09-09T17:49:25.293498+00:00
B018,Adult milestone birthdays,personalized 50th birthday shirt,adult T-shirt,name and age,birthday,1848573418,https://www.etsy.com/listing/1848573418/t-shirt-personnalise-rap-bootleg-tee,"T-shirt personnalisé Rap Bootleg, Tee-shirt photo femme, Cadeau anniversaire, Teeshirt personnalisable, Selfie, 100% Cotton",57.16,346,3,MagentaFF00FF,1000.0,2026-09-09T17:49:43.679321+00:00
B018,Adult milestone birthdays,personalized 50th birthday shirt,adult T-shirt,name and age,birthday,1719727275,https://www.etsy.com/listing/1719727275/custom-hawaiian-shirt-with-phototext,Custom hawaiian shirt with photo/text-birthday party gift-bachelor party gift-gift for dad/grandpa-Shirt with name/text-birthday pool party,15.12,24,4,ArtTrueDesign,1000.0,2026-09-09T17:50:08.012909+00:00
B018,Adult milestone birthdays,personalized 50th birthday shirt,adult T-shirt,name and age,birthday,4531414227,https://www.etsy.com/listing/4531414227/comfort-colors-custom-vintage-1976-photo,"Comfort Colors Custom Vintage 1976 Photo Shirt, Personalized 50th Birthday Bootleg Tee, Born in 1976 Birthday Shirt, Custom Birthday Tee",12.97,4,5,MKsSoul,1000.0,2026-09-09T17:50:26.258791+00:00
B018,Adult milestone birthdays,personalized 50th birthday shirt,adult T-shirt,name and age,birthday,4546666747,https://www.etsy.com/listing/4546666747/personalized-vintage-photo-t-shirt-30th,"Vintage Retro Style Photo T-shirt – Personalized Birthday Gift, Gift for Women or Men, T-shirt for 30th, 40th, 50th, or 60th Birthdays",31.02,1,7,AtelierIsaB,1000.0,2026-09-09T17:51:09.688086+00:00
B018,Adult milestone birthdays,personalized 50th birthday shirt,adult T-shirt,name and age,birthday,4377086842,https://www.etsy.com/listing/4377086842/look-whos-fifty-personalised-50th,"Look Who's Fifty, Personalised 50th Birthday Shirts, 50th Birthday Group Shirts, Custom Face Shirts, 50th gift for him, Fourth birthday Tee",24.61,5,9,QuickPrintingGift,1000.0,2026-09-09T17:51:53.119521+00:00
B018,Adult milestone birthdays,personalized 50th birthday shirt,adult T-shirt,name and age,birthday,1422912927,https://www.etsy.com/listing/1422912927/personalized-embroidered-baseball-cap,"Personalized Embroidered Baseball Cap, Custom Text Unisex Hat, Adjustable Hat",9.04,1400,10,ApexPrintingCo,1000.0,2026-09-09T17:52:09.951089+00:00
B018,Adult milestone birthdays,personalized 50th birthday shirt,adult T-shirt,name and age,birthday,4455371385,https://www.etsy.com/listing/4455371385/custom-graphic-photo-vintage-custom-40th,"Custom Graphic Photo Vintage Custom 40th 50th Birthday Bootleg Shirt, Personalized Photo Tee, Funny Gift, Birthday Gift",10.72,26,11,GONdesignJEWELRY,1000.0,2026-09-09T17:52:27.336707+00:00
B018,Adult milestone birthdays,personalized 50th birthday shirt,adult T-shirt,name and age,birthday,4343252123,https://www.etsy.com/listing/4343252123/custom-hawaiian-shirt-with-face,"Custom Hawaiian Shirt With Face, Personalized Men Hawaiian Button Up Shirts, Photo/Logo Hawaiian Shirt, Anniversary/Birthday/Vacation Gifts",25.82,111,12,ApisGoods,1000.0,2026-09-09T17:52:45.889463+00:00
